<?xml version="1.0" encoding="UTF-8"?>
<project-private xmlns="http://www.netbeans.org/ns/project-private/1">
    <editor-bookmarks xmlns="http://www.netbeans.org/ns/editor-bookmarks/2" lastBookmarkId="0"/>
    <open-files xmlns="http://www.netbeans.org/ns/projectui-open-files/2">
        <group>
            <file>file:/F:/Posts/Chat%20con%20sockets%20en%20Java/ChatServidor/src/chatservidor/HiloCliente.java</file>
            <file>file:/F:/Posts/Chat%20con%20sockets%20en%20Java/ChatServidor/src/chatservidor/Servidor.java</file>
        </group>
    </open-files>
</project-private>
