<?xml version="1.0" encoding="UTF-8"?> 
 <definitions 
 xmlns="http://schemas.xmlsoap.org/wsdl/" 
 xmlns:wsdl="http://schemas.xmlsoap.org/wsdl/" 
 xmlns:xsd="http://www.w3.org/2001/XMLSchema" 
 xmlns:soap="http://schemas.xmlsoap.org/wsdl/soap/" name="e6" targetNamespace="http://pqws/" xmlns:tns="http://pqws/" xmlns:wsp="http://www.w3.org/ns/ws-policy" xmlns:wsu="http://docs.oasis-open.org/wss/2004/01/oasis-200401-wss-wssecurity-utility-1.0.xsd" xmlns:fi="http://java.sun.com/xml/ns/wsit/2006/09/policy/fastinfoset/service" xmlns:tcp="http://java.sun.com/xml/ns/wsit/2006/09/policy/soaptcp/service" xmlns:sp="http://docs.oasis-open.org/ws-sx/ws-securitypolicy/200702" 
 >
    <message name="hello"/>
    <message name="helloResponse"/>
    <message name="multiplica"/>
    <message name="multiplicaResponse"/>
    <message name="divide"/>
    <message name="divideResponse"/>
    <message name="resta"/>
    <message name="restaResponse"/>
    <portType name="e6">
        <operation name="hello">
            <input message="tns:hello"/>
            <output message="tns:helloResponse"/>
        </operation>
        <operation name="multiplica">
            <input message="tns:multiplica"/>
            <output message="tns:multiplicaResponse"/>
        </operation>
        <operation name="divide">
            <input message="tns:divide"/>
            <output message="tns:divideResponse"/>
        </operation>
        <operation name="resta">
            <input message="tns:resta"/>
            <output message="tns:restaResponse"/>
        </operation>
    </portType>
    <binding name="e6PortBinding" type="tns:e6">
        <wsp:PolicyReference URI="#e6PortBindingPolicy"/>
        <operation name="hello">
            <input/>
            <output/>
        </operation>
        <operation name="multiplica">
            <input/>
            <output/>
        </operation>
        <operation name="divide">
            <input/>
            <output/>
        </operation>
        <operation name="resta">
            <input/>
            <output/>
        </operation>
    </binding>
    <service name="e6">
        <port name="e6Port" binding="tns:e6PortBinding"/>
    </service>
    <wsp:Policy wsu:Id="e6PortBindingPolicy">
        <wsp:ExactlyOne>
            <wsp:All/>
        </wsp:ExactlyOne>
    </wsp:Policy>
    <wsp:Policy wsu:Id="e6PortBinding_operation_Input_Policy">
        <wsp:ExactlyOne>
            <wsp:All>
                <sp:EncryptedParts>
                    <sp:Body/>
                </sp:EncryptedParts>
                <sp:SignedParts>
                    <sp:Body/>
                </sp:SignedParts>
            </wsp:All>
        </wsp:ExactlyOne>
    </wsp:Policy>
    <wsp:Policy wsu:Id="e6PortBinding_operation_Output_Policy">
        <wsp:ExactlyOne>
            <wsp:All>
                <sp:EncryptedParts>
                    <sp:Body/>
                </sp:EncryptedParts>
                <sp:SignedParts>
                    <sp:Body/>
                </sp:SignedParts>
            </wsp:All>
        </wsp:ExactlyOne>
    </wsp:Policy>
    <wsp:Policy wsu:Id="e6PortBinding_operation_1_Input_Policy">
        <wsp:ExactlyOne>
            <wsp:All>
                <sp:EncryptedParts>
                    <sp:Body/>
                </sp:EncryptedParts>
                <sp:SignedParts>
                    <sp:Body/>
                </sp:SignedParts>
            </wsp:All>
        </wsp:ExactlyOne>
    </wsp:Policy>
    <wsp:Policy wsu:Id="e6PortBinding_operation_1_Output_Policy">
        <wsp:ExactlyOne>
            <wsp:All>
                <sp:EncryptedParts>
                    <sp:Body/>
                </sp:EncryptedParts>
                <sp:SignedParts>
                    <sp:Body/>
                </sp:SignedParts>
            </wsp:All>
        </wsp:ExactlyOne>
    </wsp:Policy>
</definitions>
